{"cameraMode":{"drawMode":0,"name":"Shaded","section":"Shading Mode"},"sceneLighting":false,"audioPlay":false,"sceneViewState":{"m_AlwaysRefresh":false,"showFog":true,"showSkybox":false,"showFlares":true,"showImageEffects":true,"showParticleSystems":true,"showVisualEffectGraphs":true,"m_FxEnabled":true},"in2DMode":false,"pivot":{"x":-0.2624475359916687,"y":-3.851794719696045,"z":-0.8242908716201782},"rotation":{"x":0.7347608208656311,"y":0.0030390003230422737,"z":-0.0033055900130420925,"w":0.6783325672149658},"size":3.775031566619873,"orthographic":false}